id,createdDateTime,userDisplayName,userPrincipalName,userId,appId,appDisplayName,ipAddress,ipAddressFromResourceProvider,clientAppUsed,userAgent,correlationId,conditionalAccessStatus,originalRequestId,isInteractive,tokenIssuerName,tokenIssuerType,clientCredentialType,processingTimeInMilliseconds,riskDetail,riskLevelAggregated,riskLevelDuringSignIn,riskState,resourceDisplayName,resourceId,resourceTenantId,homeTenantId,homeTenantName,authenticationRequirement,signInIdentifier,signInIdentifierType,servicePrincipalName,signInEventTypes.0,servicePrincipalId,federatedCredentialId,userType,flaggedForReview,isTenantRestricted,autonomousSystemNumber,crossTenantAccessType,servicePrincipalCredentialKeyId,servicePrincipalCredentialThumbprint,uniqueTokenIdentifier,incomingTokenType,authenticationProtocol,resourceServicePrincipalId,mfaDetail,authenticationAppDeviceDetails,status.errorCode,status.failureReason,status.additionalDetails,deviceDetail.deviceId,deviceDetail.displayName,deviceDetail.operatingSystem,deviceDetail.browser,deviceDetail.isCompliant,deviceDetail.isManaged,deviceDetail.trustType,location.city,location.state,location.countryOrRegion,location.geoCoordinates.altitude,location.geoCoordinates.latitude,location.geoCoordinates.longitude,authenticationProcessingDetails.0.key,authenticationProcessingDetails.0.value,networkLocationDetails.0.networkType,networkLocationDetails.0.networkNames.0,authenticationDetails.0.authenticationStepDateTime,authenticationDetails.0.authenticationMethod,authenticationDetails.0.authenticationMethodDetail,authenticationDetails.0.succeeded,authenticationDetails.0.authenticationStepResultDetail,authenticationDetails.0.authenticationStepRequirement,privateLinkDetails.policyId,privateLinkDetails.policyName,privateLinkDetails.resourceId,privateLinkDetails.policyTenantId,appliedConditionalAccessPolicies.0.id,appliedConditionalAccessPolicies.0.displayName,appliedConditionalAccessPolicies.0.enforcedGrantControls.0,appliedConditionalAccessPolicies.0.enforcedSessionControls.0,appliedConditionalAccessPolicies.0.result,appliedConditionalAccessPolicies.0.conditionsSatisfied,appliedConditionalAccessPolicies.0.conditionsNotSatisfied,appliedConditionalAccessPolicies.0.authenticationStrength,appliedConditionalAccessPolicies.0.includeRulesSatisfied.0.conditionalAccessCondition,appliedConditionalAccessPolicies.0.includeRulesSatisfied.0.ruleSatisfied,appliedConditionalAccessPolicies.1.id,appliedConditionalAccessPolicies.1.displayName,appliedConditionalAccessPolicies.1.enforcedGrantControls.0,appliedConditionalAccessPolicies.1.result,appliedConditionalAccessPolicies.1.conditionsSatisfied,appliedConditionalAccessPolicies.1.conditionsNotSatisfied,appliedConditionalAccessPolicies.1.authenticationStrength,appliedConditionalAccessPolicies.1.includeRulesSatisfied.0.conditionalAccessCondition,appliedConditionalAccessPolicies.1.includeRulesSatisfied.0.ruleSatisfied,appliedConditionalAccessPolicies.1.includeRulesSatisfied.1.conditionalAccessCondition,appliedConditionalAccessPolicies.1.includeRulesSatisfied.1.ruleSatisfied,appliedConditionalAccessPolicies.2.id,appliedConditionalAccessPolicies.2.displayName,appliedConditionalAccessPolicies.2.enforcedGrantControls.0,appliedConditionalAccessPolicies.2.result,appliedConditionalAccessPolicies.2.conditionsSatisfied,appliedConditionalAccessPolicies.2.conditionsNotSatisfied,appliedConditionalAccessPolicies.2.authenticationStrength,appliedConditionalAccessPolicies.2.includeRulesSatisfied.0.conditionalAccessCondition,appliedConditionalAccessPolicies.2.includeRulesSatisfied.0.ruleSatisfied,appliedConditionalAccessPolicies.2.includeRulesSatisfied.1.conditionalAccessCondition,appliedConditionalAccessPolicies.2.includeRulesSatisfied.1.ruleSatisfied,appliedConditionalAccessPolicies.2.includeRulesSatisfied.2.conditionalAccessCondition,appliedConditionalAccessPolicies.2.includeRulesSatisfied.2.ruleSatisfied,appliedConditionalAccessPolicies.3.id,appliedConditionalAccessPolicies.3.displayName,appliedConditionalAccessPolicies.3.enforcedGrantControls.0,appliedConditionalAccessPolicies.3.result,appliedConditionalAccessPolicies.3.conditionsSatisfied,appliedConditionalAccessPolicies.3.conditionsNotSatisfied,appliedConditionalAccessPolicies.3.authenticationStrength,mfaDetail.authMethod,mfaDetail.authDetail,appliedConditionalAccessPolicies.0.includeRulesSatisfied.1.conditionalAccessCondition,appliedConditionalAccessPolicies.0.includeRulesSatisfied.1.ruleSatisfied,appliedConditionalAccessPolicies.3.includeRulesSatisfied.0.conditionalAccessCondition,appliedConditionalAccessPolicies.3.includeRulesSatisfied.0.ruleSatisfied,authenticationDetails.1.authenticationStepDateTime,authenticationDetails.1.authenticationMethod,authenticationDetails.1.authenticationMethodDetail,authenticationDetails.1.succeeded,authenticationDetails.1.authenticationStepResultDetail,authenticationDetails.1.authenticationStepRequirement,authenticationRequirementPolicies.0.requirementProvider,authenticationRequirementPolicies.0.detail,sessionLifetimePolicies.0.expirationRequirement,sessionLifetimePolicies.0.detail
0a7c3c05-963c-4d01-b5f1-a2a825e8b300,2023-03-13T13:58:59Z,Mr Robot,mrobot@thesisazuread.onmicrosoft.com,8cf6c13f-912c-43da-b897-0401d085a04a,00000002-0000-0ff1-ce00-000000000000,Office 365 Exchange Online,<Removed>,,Browser,Mozilla/5.0 (Windows NT; Windows NT 10.0; en-US) WindowsPowerShell/5.1.19041.2364,3ee80df6-07ce-46f9-97a0-0cf0099f01ec,notApplied,,True,,AzureAD,none,74,none,none,none,none,,,b53bd30c-ef03-461c-b381-77f0ea0855ee,b53bd30c-ef03-461c-b381-77f0ea0855ee,,singleFactorAuthentication,mrobot@thesisazuread.onmicrosoft.com,,,interactiveUser,,,member,False,False,51088,none,,,BTx8CjyWAU218aKoJeizAA,none,none,,,,50126,Error validating credentials due to invalid username or password.,The user didn't enter the right credentials. Â It's expected to see some number of these errors in your logs due to users making mistakes.,,,Windows 10,,False,False,,<Removed>,Noord-Holland,NL,,<Removed>,<Removed>,Root Key Type,Unknown,namedNetwork,Trusted location,2023-03-13T13:58:59Z,Password,Password in the cloud,False,Invalid username or password or Invalid on-premise username or password.,,,,,,,,,,,,,,,,,,,,,,,,,,,,,,,,,,,,,,,,,,,,,,,,,,,,,,,,,,,,,,
da4c4aae-35a2-4992-a7db-fe25020af100,2023-03-13T13:58:54Z,John Smith,jsmith@thesisazuread.onmicrosoft.com,35cc84d3-db28-497b-8cca-451dc24db7ca,00000002-0000-0ff1-ce00-000000000000,Office 365 Exchange Online,<Removed>,,Browser,Mozilla/5.0 (Windows NT; Windows NT 10.0; en-US) WindowsPowerShell/5.1.19041.2364,1762526e-539d-4fc6-851a-5ba105896787,notApplied,,True,,AzureAD,none,81,none,none,none,none,,,b53bd30c-ef03-461c-b381-77f0ea0855ee,b53bd30c-ef03-461c-b381-77f0ea0855ee,,singleFactorAuthentication,jsmith@thesisazuread.onmicrosoft.com,,,interactiveUser,,,member,False,False,51088,none,,,rkpM2qI1kkmn2_4lAgrxAA,none,none,,,,50126,Error validating credentials due to invalid username or password.,The user didn't enter the right credentials. Â It's expected to see some number of these errors in your logs due to users making mistakes.,,,Windows 10,,False,False,,<Removed>,Noord-Holland,NL,,<Removed>,<Removed>,Root Key Type,Unknown,namedNetwork,Trusted location,2023-03-13T13:58:54Z,Password,Password in the cloud,False,Invalid username or password or Invalid on-premise username or password.,,,,,,,,,,,,,,,,,,,,,,,,,,,,,,,,,,,,,,,,,,,,,,,,,,,,,,,,,,,,,,
e990456c-f45c-4961-84ea-fa0001210501,2023-03-13T13:58:37Z,Saul Goodman,sgoodman@thesisazuread.onmicrosoft.com,6d68bbbe-5860-4705-b817-e24b324c4ab5,00000002-0000-0ff1-ce00-000000000000,Office 365 Exchange Online,<Removed>,,Browser,Mozilla/5.0 (Windows NT; Windows NT 10.0; en-US) WindowsPowerShell/5.1.19041.2364,424d869a-4f80-40dd-98f4-4bdd9835d7c2,notApplied,,True,,AzureAD,none,83,none,none,none,none,,,b53bd30c-ef03-461c-b381-77f0ea0855ee,b53bd30c-ef03-461c-b381-77f0ea0855ee,,singleFactorAuthentication,sgoodman@thesisazuread.onmicrosoft.com,,,interactiveUser,,,member,False,False,51088,none,,,bEWQ6Vz0YUmE6voAASEFAQ,none,none,,,,50126,Error validating credentials due to invalid username or password.,The user didn't enter the right credentials. Â It's expected to see some number of these errors in your logs due to users making mistakes.,,,Windows 10,,False,False,,<Removed>,Noord-Holland,NL,,<Removed>,<Removed>,Root Key Type,Unknown,namedNetwork,Trusted location,2023-03-13T13:58:37Z,Password,Password in the cloud,False,Invalid username or password or Invalid on-premise username or password.,,,,,,,,,,,,,,,,,,,,,,,,,,,,,,,,,,,,,,,,,,,,,,,,,,,,,,,,,,,,,,
018cd536-d456-43db-8a2e-bce978a5ce00,2023-03-13T13:58:26Z,Jon Jones,jonjones@thesisazuread.onmicrosoft.com,2d81e333-496b-4bae-8e99-a5b4a05a1a48,00000002-0000-0ff1-ce00-000000000000,Office 365 Exchange Online,<Removed>,,Browser,Mozilla/5.0 (Windows NT; Windows NT 10.0; en-US) WindowsPowerShell/5.1.19041.2364,cc0a709c-bccc-4751-ba01-c9cb2095e38b,notApplied,,True,,AzureAD,none,69,none,none,none,none,,,b53bd30c-ef03-461c-b381-77f0ea0855ee,b53bd30c-ef03-461c-b381-77f0ea0855ee,,singleFactorAuthentication,jonjones@thesisazuread.onmicrosoft.com,,,interactiveUser,,,member,False,False,51088,none,,,NtWMAVbU20OKLrzpeKXOAA,none,none,,,,50126,Error validating credentials due to invalid username or password.,The user didn't enter the right credentials. Â It's expected to see some number of these errors in your logs due to users making mistakes.,,,Windows 10,,False,False,,<Removed>,Noord-Holland,NL,,<Removed>,<Removed>,Root Key Type,Unknown,namedNetwork,Trusted location,2023-03-13T13:58:26Z,Password,Password in the cloud,False,Invalid username or password or Invalid on-premise username or password.,,,,,,,,,,,,,,,,,,,,,,,,,,,,,,,,,,,,,,,,,,,,,,,,,,,,,,,,,,,,,,
018cd536-d456-43db-8a2e-bce962a1ce00,2023-03-13T13:58:06Z,Dyson Philips,dphilips@thesisazuread.onmicrosoft.com,2ef6cbe4-484e-4b3e-aaea-9f8de711ef46,00000002-0000-0ff1-ce00-000000000000,Office 365 Exchange Online,<Removed>,,Browser,Mozilla/5.0 (Windows NT; Windows NT 10.0; en-US) WindowsPowerShell/5.1.19041.2364,bb795057-060d-4bd9-b854-e6c7abe0b7b4,notApplied,,True,,AzureAD,none,72,none,none,none,none,,,b53bd30c-ef03-461c-b381-77f0ea0855ee,b53bd30c-ef03-461c-b381-77f0ea0855ee,,singleFactorAuthentication,dphilips@thesisazuread.onmicrosoft.com,,,interactiveUser,,,member,False,False,51088,none,,,NtWMAVbU20OKLrzpYqHOAA,none,none,,,,50053,"The account is locked, you've tried to sign in too many times with an incorrect user ID or password.","This error can be returned for two reasons - the sign in could have come from a malicious IP address, or the account was locked due to repeated sign-in attempts. Only one error code is used to prevent an attacker from distinguishing between the states. In your Azure AD tenant, you can distinguish between these states by looking at the specific sign-in log entry for this request. For accounts locked for too many attempts, see https://docs.microsoft.com/azure/active-directory/identity-protection/howto-unblock-user",,,Windows 10,,False,False,,<Removed>,Noord-Holland,NL,,<Removed>,<Removed>,Root Key Type,Unknown,namedNetwork,Trusted location,2023-03-13T13:58:06Z,Password,Password Hash Sync,False,Incorrect password,,,,,,,,,,,,,,,,,,,,,,,,,,,,,,,,,,,,,,,,,,,,,,,,,,,,,,,,,,,,,,
5d6db8d1-9e07-4758-8fdf-b875168fc900,2023-03-13T13:57:47Z,Jon Jones,jonjones9809@thesisazuread.onmicrosoft.com,ff22d6b1-98c6-4e7f-868e-d32b6b7b6f0a,00000002-0000-0ff1-ce00-000000000000,Office 365 Exchange Online,<Removed>,,Browser,Mozilla/5.0 (Windows NT; Windows NT 10.0; en-US) WindowsPowerShell/5.1.19041.2364,94d265b8-87ea-4b50-8ba1-e8db8f6c579d,notApplied,,True,,AzureAD,none,74,none,none,none,none,,,b53bd30c-ef03-461c-b381-77f0ea0855ee,b53bd30c-ef03-461c-b381-77f0ea0855ee,,singleFactorAuthentication,jonjones9809@thesisazuread.onmicrosoft.com,,,interactiveUser,,,member,False,False,51088,none,,,0bhtXQeeWEeP37h1Fo_JAA,none,none,,,,50053,"The account is locked, you've tried to sign in too many times with an incorrect user ID or password.","This error can be returned for two reasons - the sign in could have come from a malicious IP address, or the account was locked due to repeated sign-in attempts. Only one error code is used to prevent an attacker from distinguishing between the states. In your Azure AD tenant, you can distinguish between these states by looking at the specific sign-in log entry for this request. For accounts locked for too many attempts, see https://docs.microsoft.com/azure/active-directory/identity-protection/howto-unblock-user",,,Windows 10,,False,False,,<Removed>,Noord-Holland,NL,,<Removed>,<Removed>,Root Key Type,Unknown,namedNetwork,Trusted location,2023-03-13T13:57:47Z,Password,Password Hash Sync,False,Incorrect password,,,,,,,,,,,,,,,,,,,,,,,,,,,,,,,,,,,,,,,,,,,,,,,,,,,,,,,,,,,,,,
dd916a68-5f4e-48f2-bee3-9576b89ae400,2023-03-13T13:57:37Z,Mr Robot,mrobot@thesisazuread.onmicrosoft.com,8cf6c13f-912c-43da-b897-0401d085a04a,00000002-0000-0ff1-ce00-000000000000,Office 365 Exchange Online,<Removed>,,Browser,Mozilla/5.0 (Windows NT; Windows NT 10.0; en-US) WindowsPowerShell/5.1.19041.2364,308f30fc-ae39-48a3-96fd-0d31d8df7e2d,notApplied,,True,,AzureAD,none,65,none,none,none,none,,,b53bd30c-ef03-461c-b381-77f0ea0855ee,b53bd30c-ef03-461c-b381-77f0ea0855ee,,singleFactorAuthentication,mrobot@thesisazuread.onmicrosoft.com,,,interactiveUser,,,member,False,False,51088,none,,,aGqR3U5f8ki-45V2uJrkAA,none,none,,,,50126,Error validating credentials due to invalid username or password.,The user didn't enter the right credentials. Â It's expected to see some number of these errors in your logs due to users making mistakes.,,,Windows 10,,False,False,,<Removed>,Noord-Holland,NL,,<Removed>,<Removed>,Root Key Type,Unknown,namedNetwork,Trusted location,2023-03-13T13:57:37Z,Password,Password in the cloud,False,Invalid username or password or Invalid on-premise username or password.,,,,,,,,,,,,,,,,,,,,,,,,,,,,,,,,,,,,,,,,,,,,,,,,,,,,,,,,,,,,,,
dd916a68-5f4e-48f2-bee3-95761195e400,2023-03-13T13:57:18Z,John Smith,jsmith@thesisazuread.onmicrosoft.com,35cc84d3-db28-497b-8cca-451dc24db7ca,00000002-0000-0ff1-ce00-000000000000,Office 365 Exchange Online,<Removed>,,Browser,Mozilla/5.0 (Windows NT; Windows NT 10.0; en-US) WindowsPowerShell/5.1.19041.2364,30734368-3a10-4931-bc27-c1594fec9b6b,notApplied,,True,,AzureAD,none,60,none,none,none,none,,,b53bd30c-ef03-461c-b381-77f0ea0855ee,b53bd30c-ef03-461c-b381-77f0ea0855ee,,singleFactorAuthentication,jsmith@thesisazuread.onmicrosoft.com,,,interactiveUser,,,member,False,False,51088,none,,,aGqR3U5f8ki-45V2EZXkAA,none,none,,,,50126,Error validating credentials due to invalid username or password.,The user didn't enter the right credentials. Â It's expected to see some number of these errors in your logs due to users making mistakes.,,,Windows 10,,False,False,,<Removed>,Noord-Holland,NL,,<Removed>,<Removed>,Root Key Type,Unknown,namedNetwork,Trusted location,2023-03-13T13:57:18Z,Password,Password in the cloud,False,Invalid username or password or Invalid on-premise username or password.,,,,,,,,,,,,,,,,,,,,,,,,,,,,,,,,,,,,,,,,,,,,,,,,,,,,,,,,,,,,,,
dd916a68-5f4e-48f2-bee3-95769391e400,2023-03-13T13:57:06Z,Saul Goodman,sgoodman@thesisazuread.onmicrosoft.com,6d68bbbe-5860-4705-b817-e24b324c4ab5,00000002-0000-0ff1-ce00-000000000000,Office 365 Exchange Online,<Removed>,,Browser,Mozilla/5.0 (Windows NT; Windows NT 10.0; en-US) WindowsPowerShell/5.1.19041.2364,3bd32ddb-e565-4921-88df-60da4d61bbe9,notApplied,,True,,AzureAD,none,56,none,none,none,none,,,b53bd30c-ef03-461c-b381-77f0ea0855ee,b53bd30c-ef03-461c-b381-77f0ea0855ee,,singleFactorAuthentication,sgoodman@thesisazuread.onmicrosoft.com,,,interactiveUser,,,member,False,False,51088,none,,,aGqR3U5f8ki-45V2k5HkAA,none,none,,,,50126,Error validating credentials due to invalid username or password.,The user didn't enter the right credentials. Â It's expected to see some number of these errors in your logs due to users making mistakes.,,,Windows 10,,False,False,,<Removed>,Noord-Holland,NL,,<Removed>,<Removed>,Root Key Type,Unknown,namedNetwork,Trusted location,2023-03-13T13:57:06Z,Password,Password in the cloud,False,Invalid username or password or Invalid on-premise username or password.,,,,,,,,,,,,,,,,,,,,,,,,,,,,,,,,,,,,,,,,,,,,,,,,,,,,,,,,,,,,,,
dd916a68-5f4e-48f2-bee3-95760f90e400,2023-03-13T13:57:01Z,Jon Jones,jonjones@thesisazuread.onmicrosoft.com,2d81e333-496b-4bae-8e99-a5b4a05a1a48,00000002-0000-0ff1-ce00-000000000000,Office 365 Exchange Online,<Removed>,,Browser,Mozilla/5.0 (Windows NT; Windows NT 10.0; en-US) WindowsPowerShell/5.1.19041.2364,f66cba99-3454-40fd-bd33-51a90c1f2852,notApplied,,True,,AzureAD,none,77,none,none,none,none,,,b53bd30c-ef03-461c-b381-77f0ea0855ee,b53bd30c-ef03-461c-b381-77f0ea0855ee,,singleFactorAuthentication,jonjones@thesisazuread.onmicrosoft.com,,,interactiveUser,,,member,False,False,51088,none,,,aGqR3U5f8ki-45V2D5DkAA,none,none,,,,50126,Error validating credentials due to invalid username or password.,The user didn't enter the right credentials. Â It's expected to see some number of these errors in your logs due to users making mistakes.,,,Windows 10,,False,False,,<Removed>,Noord-Holland,NL,,<Removed>,<Removed>,Root Key Type,Unknown,namedNetwork,Trusted location,2023-03-13T13:57:01Z,Password,Password in the cloud,False,Invalid username or password or Invalid on-premise username or password.,,,,,,,,,,,,,,,,,,,,,,,,,,,,,,,,,,,,,,,,,,,,,,,,,,,,,,,,,,,,,,
e990456c-f45c-4961-84ea-fa00bc110501,2023-03-13T13:56:55Z,Dyson Philips,dphilips@thesisazuread.onmicrosoft.com,2ef6cbe4-484e-4b3e-aaea-9f8de711ef46,00000002-0000-0ff1-ce00-000000000000,Office 365 Exchange Online,<Removed>,,Browser,Mozilla/5.0 (Windows NT; Windows NT 10.0; en-US) WindowsPowerShell/5.1.19041.2364,45a56bae-9828-43aa-80d3-b927d32c3c82,notApplied,,True,,AzureAD,none,103,none,none,none,none,,,b53bd30c-ef03-461c-b381-77f0ea0855ee,b53bd30c-ef03-461c-b381-77f0ea0855ee,,singleFactorAuthentication,dphilips@thesisazuread.onmicrosoft.com,,,interactiveUser,,,member,False,False,51088,none,,,bEWQ6Vz0YUmE6voAvBEFAQ,none,none,,,,50126,Error validating credentials due to invalid username or password.,The user didn't enter the right credentials. Â It's expected to see some number of these errors in your logs due to users making mistakes.,,,Windows 10,,False,False,,<Removed>,Noord-Holland,NL,,<Removed>,<Removed>,Root Key Type,Unknown,namedNetwork,Trusted location,2023-03-13T13:56:55Z,Password,Password Hash Sync,False,Invalid username or password or Invalid on-premise username or password.,,,,,,,,,,,,,,,,,,,,,,,,,,,,,,,,,,,,,,,,,,,,,,,,,,,,,,,,,,,,,,
65ed57a6-84b0-4127-9375-76c146feb700,2023-03-13T13:56:43Z,Jon Jones,jonjones9809@thesisazuread.onmicrosoft.com,ff22d6b1-98c6-4e7f-868e-d32b6b7b6f0a,00000002-0000-0ff1-ce00-000000000000,Office 365 Exchange Online,<Removed>,,Browser,Mozilla/5.0 (Windows NT; Windows NT 10.0; en-US) WindowsPowerShell/5.1.19041.2364,b4ac2b92-76b8-4832-836f-9f4ff5dc6c01,notApplied,,True,,AzureAD,none,71,none,none,none,none,,,b53bd30c-ef03-461c-b381-77f0ea0855ee,b53bd30c-ef03-461c-b381-77f0ea0855ee,,singleFactorAuthentication,jonjones9809@thesisazuread.onmicrosoft.com,,,interactiveUser,,,member,False,False,51088,none,,,plftZbCEJ0GTdXbBRv63AA,none,none,,,,50053,"The account is locked, you've tried to sign in too many times with an incorrect user ID or password.","This error can be returned for two reasons - the sign in could have come from a malicious IP address, or the account was locked due to repeated sign-in attempts. Only one error code is used to prevent an attacker from distinguishing between the states. In your Azure AD tenant, you can distinguish between these states by looking at the specific sign-in log entry for this request. For accounts locked for too many attempts, see https://docs.microsoft.com/azure/active-directory/identity-protection/howto-unblock-user",,,Windows 10,,False,False,,<Removed>,Noord-Holland,NL,,<Removed>,<Removed>,Root Key Type,Unknown,namedNetwork,Trusted location,2023-03-13T13:56:43Z,Password,Password Hash Sync,False,Incorrect password,,,,,,,,,,,,,,,,,,,,,,,,,,,,,,,,,,,,,,,,,,,,,,,,,,,,,,,,,,,,,,
0a7c3c05-963c-4d01-b5f1-a2a8c0d2b300,2023-03-13T13:56:26Z,Mr Robot,mrobot@thesisazuread.onmicrosoft.com,8cf6c13f-912c-43da-b897-0401d085a04a,00000002-0000-0ff1-ce00-000000000000,Office 365 Exchange Online,<Removed>,,Browser,Mozilla/5.0 (Windows NT; Windows NT 10.0; en-US) WindowsPowerShell/5.1.19041.2364,b05fa19a-9cf5-4edd-80df-8669742cab45,notApplied,,True,,AzureAD,none,63,none,none,none,none,,,b53bd30c-ef03-461c-b381-77f0ea0855ee,b53bd30c-ef03-461c-b381-77f0ea0855ee,,singleFactorAuthentication,mrobot@thesisazuread.onmicrosoft.com,,,interactiveUser,,,member,False,False,51088,none,,,BTx8CjyWAU218aKowNKzAA,none,none,,,,50126,Error validating credentials due to invalid username or password.,The user didn't enter the right credentials. Â It's expected to see some number of these errors in your logs due to users making mistakes.,,,Windows 10,,False,False,,<Removed>,Noord-Holland,NL,,<Removed>,<Removed>,Root Key Type,Unknown,namedNetwork,Trusted location,2023-03-13T13:56:26Z,Password,Password in the cloud,False,Invalid username or password or Invalid on-premise username or password.,,,,,,,,,,,,,,,,,,,,,,,,,,,,,,,,,,,,,,,,,,,,,,,,,,,,,,,,,,,,,,
65ed57a6-84b0-4127-9375-76c14afab700,2023-03-13T13:56:21Z,John Smith,jsmith@thesisazuread.onmicrosoft.com,35cc84d3-db28-497b-8cca-451dc24db7ca,00000002-0000-0ff1-ce00-000000000000,Office 365 Exchange Online,<Removed>,,Browser,Mozilla/5.0 (Windows NT; Windows NT 10.0; en-US) WindowsPowerShell/5.1.19041.2364,d053e05e-a6a3-4e79-9690-06cd448065c2,notApplied,,True,,AzureAD,none,84,none,none,none,none,,,b53bd30c-ef03-461c-b381-77f0ea0855ee,b53bd30c-ef03-461c-b381-77f0ea0855ee,,singleFactorAuthentication,jsmith@thesisazuread.onmicrosoft.com,,,interactiveUser,,,member,False,False,51088,none,,,plftZbCEJ0GTdXbBSvq3AA,none,ropc,,,,7000218,The request body must contain the following parameter: 'client_assertion' or 'client_secret'.,Developer error - the app is attempting to sign in without the necessary or correct authentication parameters.,,,Windows 10,,False,False,,<Removed>,Noord-Holland,NL,,<Removed>,<Removed>,Root Key Type,Unknown,namedNetwork,Trusted location,2023-03-13T13:56:21Z,Password,Password in the cloud,False,Other,,,,,,59504077-2195-49a7-860b-f839c3593c27,MFA with CA policies,Mfa,SignInFrequency,notApplied,application,users,,application,appId,ee3256d7-f82f-449b-b213-6d4708a8caf6,MFA-Admin,Mfa,reportOnlyInterrupted,"application,users",none,,application,allApps,users,userId,057a37a4-a80e-4ab8-90d8-163ee776bec5,Admin Device Compliance,RequireCompliantDevice,reportOnlyFailure,"application,users,devicePlatform",none,,application,allApps,users,userId,devicePlatform,allDevicePlatforms,462f6a73-f15b-4084-96cf-2395799159cb,Policy with no assignments,Block,reportOnlyNotApplied,none,application,,,,,,,,,,,,,,,,,
018cd536-d456-43db-8a2e-bce9a684ce00,2023-03-13T13:56:05Z,Saul Goodman,sgoodman@thesisazuread.onmicrosoft.com,6d68bbbe-5860-4705-b817-e24b324c4ab5,00000002-0000-0ff1-ce00-000000000000,Office 365 Exchange Online,<Removed>,,Browser,Mozilla/5.0 (Windows NT; Windows NT 10.0; en-US) WindowsPowerShell/5.1.19041.2364,7f9699c4-ac42-476c-a69d-ba7d1cc01523,notApplied,,True,,AzureAD,none,65,none,none,none,none,,,b53bd30c-ef03-461c-b381-77f0ea0855ee,b53bd30c-ef03-461c-b381-77f0ea0855ee,,singleFactorAuthentication,sgoodman@thesisazuread.onmicrosoft.com,,,interactiveUser,,,member,False,False,51088,none,,,NtWMAVbU20OKLrzppoTOAA,none,none,,,,50126,Error validating credentials due to invalid username or password.,The user didn't enter the right credentials. Â It's expected to see some number of these errors in your logs due to users making mistakes.,,,Windows 10,,False,False,,<Removed>,Noord-Holland,NL,,<Removed>,<Removed>,Root Key Type,Unknown,namedNetwork,Trusted location,2023-03-13T13:56:05Z,Password,Password in the cloud,False,Invalid username or password or Invalid on-premise username or password.,,,,,,,,,,,,,,,,,,,,,,,,,,,,,,,,,,,,,,,,,,,,,,,,,,,,,,,,,,,,,,
c6cc64f8-e142-4abb-90d9-3b629511d900,2023-03-13T13:55:58Z,Jon Jones,jonjones@thesisazuread.onmicrosoft.com,2d81e333-496b-4bae-8e99-a5b4a05a1a48,00000002-0000-0ff1-ce00-000000000000,Office 365 Exchange Online,<Removed>,,Browser,Mozilla/5.0 (Windows NT; Windows NT 10.0; en-US) WindowsPowerShell/5.1.19041.2364,f33a74b5-1d35-48a4-ae74-e9ddbec7538e,notApplied,,True,,AzureAD,none,70,none,none,none,none,,,b53bd30c-ef03-461c-b381-77f0ea0855ee,b53bd30c-ef03-461c-b381-77f0ea0855ee,,singleFactorAuthentication,jonjones@thesisazuread.onmicrosoft.com,,,interactiveUser,,,member,False,False,51088,none,,,-GTMxkLhu0qQ2TtilRHZAA,none,none,,,,50126,Error validating credentials due to invalid username or password.,The user didn't enter the right credentials. Â It's expected to see some number of these errors in your logs due to users making mistakes.,,,Windows 10,,False,False,,<Removed>,Noord-Holland,NL,,<Removed>,<Removed>,Root Key Type,Unknown,namedNetwork,Trusted location,2023-03-13T13:55:58Z,Password,Password in the cloud,False,Invalid username or password or Invalid on-premise username or password.,,,,,,,,,,,,,,,,,,,,,,,,,,,,,,,,,,,,,,,,,,,,,,,,,,,,,,,,,,,,,,
dd916a68-5f4e-48f2-bee3-9576c77de400,2023-03-13T13:55:41Z,Dyson Philips,dphilips@thesisazuread.onmicrosoft.com,2ef6cbe4-484e-4b3e-aaea-9f8de711ef46,00000002-0000-0ff1-ce00-000000000000,Office 365 Exchange Online,<Removed>,,Browser,Mozilla/5.0 (Windows NT; Windows NT 10.0; en-US) WindowsPowerShell/5.1.19041.2364,b69f00d4-d0bc-4014-8f82-5f835610940a,notApplied,,True,,AzureAD,none,61,none,none,none,none,,,b53bd30c-ef03-461c-b381-77f0ea0855ee,b53bd30c-ef03-461c-b381-77f0ea0855ee,,singleFactorAuthentication,dphilips@thesisazuread.onmicrosoft.com,,,interactiveUser,,,member,False,False,51088,none,,,aGqR3U5f8ki-45V2x33kAA,none,none,,,,50126,Error validating credentials due to invalid username or password.,The user didn't enter the right credentials. Â It's expected to see some number of these errors in your logs due to users making mistakes.,,,Windows 10,,False,False,,<Removed>,Noord-Holland,NL,,<Removed>,<Removed>,Root Key Type,Unknown,namedNetwork,Trusted location,2023-03-13T13:55:41Z,Password,Password Hash Sync,False,Invalid username or password or Invalid on-premise username or password.,,,,,,,,,,,,,,,,,,,,,,,,,,,,,,,,,,,,,,,,,,,,,,,,,,,,,,,,,,,,,,
7663d83a-46bc-4624-8804-ba1723d7ed00,2023-03-13T13:55:27Z,Jon Jones,jonjones9809@thesisazuread.onmicrosoft.com,ff22d6b1-98c6-4e7f-868e-d32b6b7b6f0a,00000002-0000-0ff1-ce00-000000000000,Office 365 Exchange Online,<Removed>,,Browser,Mozilla/5.0 (Windows NT; Windows NT 10.0; en-US) WindowsPowerShell/5.1.19041.2364,79a382e5-fd0a-4b99-b797-f7d6f03601a1,notApplied,,True,,AzureAD,none,68,none,none,none,none,,,b53bd30c-ef03-461c-b381-77f0ea0855ee,b53bd30c-ef03-461c-b381-77f0ea0855ee,,singleFactorAuthentication,jonjones9809@thesisazuread.onmicrosoft.com,,,interactiveUser,,,member,False,False,51088,none,,,OthjdrxGJEaIBLoXI9ftAA,none,none,,,,50126,Error validating credentials due to invalid username or password.,The user didn't enter the right credentials. Â It's expected to see some number of these errors in your logs due to users making mistakes.,,,Windows 10,,False,False,,<Removed>,Noord-Holland,NL,,<Removed>,<Removed>,Root Key Type,Unknown,namedNetwork,Trusted location,2023-03-13T13:55:27Z,Password,Password Hash Sync,False,Invalid username or password or Invalid on-premise username or password.,,,,,,,,,,,,,,,,,,,,,,,,,,,,,,,,,,,,,,,,,,,,,,,,,,,,,,,,,,,,,,
018cd536-d456-43db-8a2e-bce93478ce00,2023-03-13T13:55:11Z,Mr Robot,mrobot@thesisazuread.onmicrosoft.com,8cf6c13f-912c-43da-b897-0401d085a04a,00000002-0000-0ff1-ce00-000000000000,Office 365 Exchange Online,<Removed>,,Browser,Mozilla/5.0 (Windows NT; Windows NT 10.0; en-US) WindowsPowerShell/5.1.19041.2364,f53b24aa-d9f6-43eb-938a-5d720c44f81d,notApplied,,True,,AzureAD,none,68,none,none,none,none,,,b53bd30c-ef03-461c-b381-77f0ea0855ee,b53bd30c-ef03-461c-b381-77f0ea0855ee,,singleFactorAuthentication,mrobot@thesisazuread.onmicrosoft.com,,,interactiveUser,,,member,False,False,51088,none,,,NtWMAVbU20OKLrzpNHjOAA,none,none,,,,50126,Error validating credentials due to invalid username or password.,The user didn't enter the right credentials. Â It's expected to see some number of these errors in your logs due to users making mistakes.,,,Windows 10,,False,False,,<Removed>,Noord-Holland,NL,,<Removed>,<Removed>,Root Key Type,Unknown,namedNetwork,Trusted location,2023-03-13T13:55:11Z,Password,Password in the cloud,False,Invalid username or password or Invalid on-premise username or password.,,,,,,,,,,,,,,,,,,,,,,,,,,,,,,,,,,,,,,,,,,,,,,,,,,,,,,,,,,,,,,
e990456c-f45c-4961-84ea-fa003bfe0401,2023-03-13T13:54:54Z,John Smith,jsmith@thesisazuread.onmicrosoft.com,35cc84d3-db28-497b-8cca-451dc24db7ca,00000002-0000-0ff1-ce00-000000000000,Office 365 Exchange Online,<Removed>,,Browser,Mozilla/5.0 (Windows NT; Windows NT 10.0; en-US) WindowsPowerShell/5.1.19041.2364,9055d8af-e1c0-4fa4-b0fa-5abf35ef318f,notApplied,,True,,AzureAD,none,93,none,none,none,none,,,b53bd30c-ef03-461c-b381-77f0ea0855ee,b53bd30c-ef03-461c-b381-77f0ea0855ee,,singleFactorAuthentication,jsmith@thesisazuread.onmicrosoft.com,,,interactiveUser,,,member,False,False,51088,none,,,bEWQ6Vz0YUmE6voAO_4EAQ,none,none,,,,50126,Error validating credentials due to invalid username or password.,The user didn't enter the right credentials. Â It's expected to see some number of these errors in your logs due to users making mistakes.,,,Windows 10,,False,False,,<Removed>,Noord-Holland,NL,,<Removed>,<Removed>,Root Key Type,Unknown,namedNetwork,Trusted location,2023-03-13T13:54:54Z,Password,Password in the cloud,False,Invalid username or password or Invalid on-premise username or password.,,,,,,,,,,,,,,,,,,,,,,,,,,,,,,,,,,,,,,,,,,,,,,,,,,,,,,,,,,,,,,
da4c4aae-35a2-4992-a7db-fe2517c1f000,2023-03-13T13:54:45Z,Saul Goodman,sgoodman@thesisazuread.onmicrosoft.com,6d68bbbe-5860-4705-b817-e24b324c4ab5,00000002-0000-0ff1-ce00-000000000000,Office 365 Exchange Online,<Removed>,,Browser,Mozilla/5.0 (Windows NT; Windows NT 10.0; en-US) WindowsPowerShell/5.1.19041.2364,d813e984-8a8a-46ca-9ba4-6041fb4014de,notApplied,,True,,AzureAD,none,108,none,none,none,none,,,b53bd30c-ef03-461c-b381-77f0ea0855ee,b53bd30c-ef03-461c-b381-77f0ea0855ee,,singleFactorAuthentication,sgoodman@thesisazuread.onmicrosoft.com,,,interactiveUser,,,member,False,False,51088,none,,,rkpM2qI1kkmn2_4lF8HwAA,none,none,,,,50126,Error validating credentials due to invalid username or password.,The user didn't enter the right credentials. Â It's expected to see some number of these errors in your logs due to users making mistakes.,,,Windows 10,,False,False,,<Removed>,Noord-Holland,NL,,<Removed>,<Removed>,Root Key Type,Unknown,namedNetwork,Trusted location,2023-03-13T13:54:45Z,Password,Password in the cloud,False,Invalid username or password or Invalid on-premise username or password.,,,,,,,,,,,,,,,,,,,,,,,,,,,,,,,,,,,,,,,,,,,,,,,,,,,,,,,,,,,,,,
7663d83a-46bc-4624-8804-ba17a7cbed00,2023-03-13T13:54:39Z,Jon Jones,jonjones@thesisazuread.onmicrosoft.com,2d81e333-496b-4bae-8e99-a5b4a05a1a48,00000002-0000-0ff1-ce00-000000000000,Office 365 Exchange Online,<Removed>,,Browser,Mozilla/5.0 (Windows NT; Windows NT 10.0; en-US) WindowsPowerShell/5.1.19041.2364,458ccad9-3b56-4960-a844-42dc3abe230e,notApplied,,True,,AzureAD,none,79,none,none,none,none,,,b53bd30c-ef03-461c-b381-77f0ea0855ee,b53bd30c-ef03-461c-b381-77f0ea0855ee,,singleFactorAuthentication,jonjones@thesisazuread.onmicrosoft.com,,,interactiveUser,,,member,False,False,51088,none,,,OthjdrxGJEaIBLoXp8vtAA,none,none,,,,50126,Error validating credentials due to invalid username or password.,The user didn't enter the right credentials. Â It's expected to see some number of these errors in your logs due to users making mistakes.,,,Windows 10,,False,False,,<Removed>,Noord-Holland,NL,,<Removed>,<Removed>,Root Key Type,Unknown,namedNetwork,Trusted location,2023-03-13T13:54:39Z,Password,Password in the cloud,False,Invalid username or password or Invalid on-premise username or password.,,,,,,,,,,,,,,,,,,,,,,,,,,,,,,,,,,,,,,,,,,,,,,,,,,,,,,,,,,,,,,
9ec45863-4e16-4ef9-86b1-a755346f3b00,2023-03-13T13:54:26Z,Dyson Philips,dphilips@thesisazuread.onmicrosoft.com,2ef6cbe4-484e-4b3e-aaea-9f8de711ef46,00000002-0000-0ff1-ce00-000000000000,Office 365 Exchange Online,<Removed>,,Browser,Mozilla/5.0 (Windows NT; Windows NT 10.0; en-US) WindowsPowerShell/5.1.19041.2364,0c926f67-5dff-4059-bb02-a75e21c3b485,notApplied,,True,,AzureAD,none,69,none,none,none,none,,,b53bd30c-ef03-461c-b381-77f0ea0855ee,b53bd30c-ef03-461c-b381-77f0ea0855ee,,singleFactorAuthentication,dphilips@thesisazuread.onmicrosoft.com,,,interactiveUser,,,member,False,False,51088,none,,,Y1jEnhZO-U6GsadVNG87AA,none,none,,,,50053,"The account is locked, you've tried to sign in too many times with an incorrect user ID or password.","This error can be returned for two reasons - the sign in could have come from a malicious IP address, or the account was locked due to repeated sign-in attempts. Only one error code is used to prevent an attacker from distinguishing between the states. In your Azure AD tenant, you can distinguish between these states by looking at the specific sign-in log entry for this request. For accounts locked for too many attempts, see https://docs.microsoft.com/azure/active-directory/identity-protection/howto-unblock-user",,,Windows 10,,False,False,,<Removed>,Noord-Holland,NL,,<Removed>,<Removed>,Root Key Type,Unknown,namedNetwork,Trusted location,2023-03-13T13:54:26Z,Password,Password Hash Sync,False,Incorrect password,,,,,,,,,,,,,,,,,,,,,,,,,,,,,,,,,,,,,,,,,,,,,,,,,,,,,,,,,,,,,,
e990456c-f45c-4961-84ea-fa0043f70401,2023-03-13T13:54:12Z,Jon Jones,jonjones9809@thesisazuread.onmicrosoft.com,ff22d6b1-98c6-4e7f-868e-d32b6b7b6f0a,00000002-0000-0ff1-ce00-000000000000,Office 365 Exchange Online,<Removed>,,Browser,Mozilla/5.0 (Windows NT; Windows NT 10.0; en-US) WindowsPowerShell/5.1.19041.2364,06da66d8-fd81-4c99-80fb-19d272da277a,notApplied,,True,,AzureAD,none,81,none,none,none,none,,,b53bd30c-ef03-461c-b381-77f0ea0855ee,b53bd30c-ef03-461c-b381-77f0ea0855ee,,singleFactorAuthentication,jonjones9809@thesisazuread.onmicrosoft.com,,,interactiveUser,,,member,False,False,51088,none,,,bEWQ6Vz0YUmE6voAQ_cEAQ,none,none,,,,50053,"The account is locked, you've tried to sign in too many times with an incorrect user ID or password.","This error can be returned for two reasons - the sign in could have come from a malicious IP address, or the account was locked due to repeated sign-in attempts. Only one error code is used to prevent an attacker from distinguishing between the states. In your Azure AD tenant, you can distinguish between these states by looking at the specific sign-in log entry for this request. For accounts locked for too many attempts, see https://docs.microsoft.com/azure/active-directory/identity-protection/howto-unblock-user",,,Windows 10,,False,False,,<Removed>,Noord-Holland,NL,,<Removed>,<Removed>,Root Key Type,Unknown,namedNetwork,Trusted location,2023-03-13T13:54:12Z,Password,Password Hash Sync,False,Incorrect password,,,,,,,,,,,,,,,,,,,,,,,,,,,,,,,,,,,,,,,,,,,,,,,,,,,,,,,,,,,,,,
dd916a68-5f4e-48f2-bee3-9576fc69e400,2023-03-13T13:54:03Z,Mr Robot,mrobot@thesisazuread.onmicrosoft.com,8cf6c13f-912c-43da-b897-0401d085a04a,00000002-0000-0ff1-ce00-000000000000,Office 365 Exchange Online,<Removed>,,Browser,Mozilla/5.0 (Windows NT; Windows NT 10.0; en-US) WindowsPowerShell/5.1.19041.2364,841e59e0-6b77-45f8-af0b-0395343b4a71,notApplied,,True,,AzureAD,none,99,none,none,none,none,,,b53bd30c-ef03-461c-b381-77f0ea0855ee,b53bd30c-ef03-461c-b381-77f0ea0855ee,,singleFactorAuthentication,mrobot@thesisazuread.onmicrosoft.com,,,interactiveUser,,,member,False,False,51088,none,,,aGqR3U5f8ki-45V2_GnkAA,none,none,,,,50126,Error validating credentials due to invalid username or password.,The user didn't enter the right credentials. Â It's expected to see some number of these errors in your logs due to users making mistakes.,,,Windows 10,,False,False,,<Removed>,Noord-Holland,NL,,<Removed>,<Removed>,Root Key Type,Unknown,namedNetwork,Trusted location,2023-03-13T13:54:03Z,Password,Password in the cloud,False,Invalid username or password or Invalid on-premise username or password.,,,,,,,,,,,,,,,,,,,,,,,,,,,,,,,,,,,,,,,,,,,,,,,,,,,,,,,,,,,,,,
018cd536-d456-43db-8a2e-bce93062ce00,2023-03-13T13:53:57Z,John Smith,jsmith@thesisazuread.onmicrosoft.com,35cc84d3-db28-497b-8cca-451dc24db7ca,00000002-0000-0ff1-ce00-000000000000,Office 365 Exchange Online,<Removed>,,Browser,Mozilla/5.0 (Windows NT; Windows NT 10.0; en-US) WindowsPowerShell/5.1.19041.2364,9f8d142a-7795-463d-b4e4-56e8fcca5b9f,notApplied,,True,,AzureAD,none,50,none,none,none,none,,,b53bd30c-ef03-461c-b381-77f0ea0855ee,b53bd30c-ef03-461c-b381-77f0ea0855ee,,singleFactorAuthentication,jsmith@thesisazuread.onmicrosoft.com,,,interactiveUser,,,member,False,False,51088,none,,,NtWMAVbU20OKLrzpMGLOAA,none,none,,,,50126,Error validating credentials due to invalid username or password.,The user didn't enter the right credentials. Â It's expected to see some number of these errors in your logs due to users making mistakes.,,,Windows 10,,False,False,,<Removed>,Noord-Holland,NL,,<Removed>,<Removed>,Root Key Type,Unknown,namedNetwork,Trusted location,2023-03-13T13:53:57Z,Password,Password in the cloud,False,Invalid username or password or Invalid on-premise username or password.,,,,,,,,,,,,,,,,,,,,,,,,,,,,,,,,,,,,,,,,,,,,,,,,,,,,,,,,,,,,,,
5d6db8d1-9e07-4758-8fdf-b8750559c900,2023-03-13T13:53:44Z,Saul Goodman,sgoodman@thesisazuread.onmicrosoft.com,6d68bbbe-5860-4705-b817-e24b324c4ab5,00000002-0000-0ff1-ce00-000000000000,Office 365 Exchange Online,<Removed>,,Browser,Mozilla/5.0 (Windows NT; Windows NT 10.0; en-US) WindowsPowerShell/5.1.19041.2364,883896e6-392c-46e8-b0ef-1b749cb899b2,failure,,True,,AzureAD,none,88,none,none,none,none,,,b53bd30c-ef03-461c-b381-77f0ea0855ee,b53bd30c-ef03-461c-b381-77f0ea0855ee,,multiFactorAuthentication,sgoodman@thesisazuread.onmicrosoft.com,,,interactiveUser,,,member,False,False,51088,none,,,0bhtXQeeWEeP37h1BVnJAA,none,ropc,,,,50076,"Due to a configuration change made by your administrator, or because you moved to a new location, you must use multi-factor authentication to access '{resource}'.","User needs to perform multi-factor authentication. There could be multiple things requiring multi-factor, e.g. Conditional Access policies, per-user enforcement, requested by client, among others.",,,Windows 10,,False,False,,<Removed>,Noord-Holland,NL,,<Removed>,<Removed>,Root Key Type,Unknown,namedNetwork,Trusted location,2023-03-13T13:53:44Z,Password,Password in the cloud,True,Correct password,,,,,,59504077-2195-49a7-860b-f839c3593c27,MFA with CA policies,Mfa,SignInFrequency,failure,"application,users",none,,application,appId,462f6a73-f15b-4084-96cf-2395799159cb,Policy with no assignments,Block,reportOnlyNotApplied,none,application,,,,,,ee3256d7-f82f-449b-b213-6d4708a8caf6,MFA-Admin,Mfa,reportOnlyNotApplied,application,users,,application,allApps,,,,,057a37a4-a80e-4ab8-90d8-163ee776bec5,Admin Device Compliance,RequireCompliantDevice,reportOnlyNotApplied,application,users,,,,users,userId,application,allApps,2023-03-13T13:53:44Z,,,False,MFA required in Azure AD,,multiConditionalAccess,Conditional Access,signInFrequencyPeriodicReauthentication,Sign-in frequency (periodic re-authentication)
10541599-3c4a-48a7-b442-780e98471b01,2023-03-13T13:53:28Z,Jon Jones,jonjones@thesisazuread.onmicrosoft.com,2d81e333-496b-4bae-8e99-a5b4a05a1a48,00000002-0000-0ff1-ce00-000000000000,Office 365 Exchange Online,<Removed>,,Browser,Mozilla/5.0 (Windows NT; Windows NT 10.0; en-US) WindowsPowerShell/5.1.19041.2364,2367bbfb-0d08-4060-bc5d-0c0b700a8f61,notApplied,,True,,AzureAD,none,135,none,none,none,none,,,b53bd30c-ef03-461c-b381-77f0ea0855ee,b53bd30c-ef03-461c-b381-77f0ea0855ee,,singleFactorAuthentication,jonjones@thesisazuread.onmicrosoft.com,,,interactiveUser,,,member,False,False,51088,none,,,mRVUEEo8p0i0QngOmEcbAQ,none,none,,,,50126,Error validating credentials due to invalid username or password.,The user didn't enter the right credentials. Â It's expected to see some number of these errors in your logs due to users making mistakes.,,,Windows 10,,False,False,,<Removed>,Noord-Holland,NL,,<Removed>,<Removed>,Root Key Type,Unknown,namedNetwork,Trusted location,2023-03-13T13:53:28Z,Password,Password in the cloud,False,Invalid username or password or Invalid on-premise username or password.,,,,,,,,,,,,,,,,,,,,,,,,,,,,,,,,,,,,,,,,,,,,,,,,,,,,,,,,,,,,,,
e990456c-f45c-4961-84ea-fa008fec0401,2023-03-13T13:53:13Z,Dyson Philips,dphilips@thesisazuread.onmicrosoft.com,2ef6cbe4-484e-4b3e-aaea-9f8de711ef46,00000002-0000-0ff1-ce00-000000000000,Office 365 Exchange Online,<Removed>,,Browser,Mozilla/5.0 (Windows NT; Windows NT 10.0; en-US) WindowsPowerShell/5.1.19041.2364,f7c2f954-b80a-4420-b3b9-4d84c25d5e16,notApplied,,True,,AzureAD,none,64,none,none,none,none,,,b53bd30c-ef03-461c-b381-77f0ea0855ee,b53bd30c-ef03-461c-b381-77f0ea0855ee,,singleFactorAuthentication,dphilips@thesisazuread.onmicrosoft.com,,,interactiveUser,,,member,False,False,51088,none,,,bEWQ6Vz0YUmE6voAj-wEAQ,none,none,,,,50126,Error validating credentials due to invalid username or password.,The user didn't enter the right credentials. Â It's expected to see some number of these errors in your logs due to users making mistakes.,,,Windows 10,,False,False,,<Removed>,Noord-Holland,NL,,<Removed>,<Removed>,Root Key Type,Unknown,namedNetwork,Trusted location,2023-03-13T13:53:13Z,Password,Password Hash Sync,False,Invalid username or password or Invalid on-premise username or password.,,,,,,,,,,,,,,,,,,,,,,,,,,,,,,,,,,,,,,,,,,,,,,,,,,,,,,,,,,,,,,
7663d83a-46bc-4624-8804-ba1753b8ed00,2023-03-13T13:53:02Z,Jon Jones,jonjones9809@thesisazuread.onmicrosoft.com,ff22d6b1-98c6-4e7f-868e-d32b6b7b6f0a,00000002-0000-0ff1-ce00-000000000000,Office 365 Exchange Online,<Removed>,,Browser,Mozilla/5.0 (Windows NT; Windows NT 10.0; en-US) WindowsPowerShell/5.1.19041.2364,d4055196-14fe-4f23-a37d-0c84a4890fb1,notApplied,,True,,AzureAD,none,80,none,none,none,none,,,b53bd30c-ef03-461c-b381-77f0ea0855ee,b53bd30c-ef03-461c-b381-77f0ea0855ee,,singleFactorAuthentication,jonjones9809@thesisazuread.onmicrosoft.com,,,interactiveUser,,,member,False,False,51088,none,,,OthjdrxGJEaIBLoXU7jtAA,none,none,,,,50126,Error validating credentials due to invalid username or password.,The user didn't enter the right credentials. Â It's expected to see some number of these errors in your logs due to users making mistakes.,,,Windows 10,,False,False,,<Removed>,Noord-Holland,NL,,<Removed>,<Removed>,Root Key Type,Unknown,namedNetwork,Trusted location,2023-03-13T13:53:02Z,Password,Password Hash Sync,False,Invalid username or password or Invalid on-premise username or password.,,,,,,,,,,,,,,,,,,,,,,,,,,,,,,,,,,,,,,,,,,,,,,,,,,,,,,,,,,,,,,
e990456c-f45c-4961-84ea-fa00a5e70401,2023-03-13T13:52:50Z,Mr Robot,mrobot@thesisazuread.onmicrosoft.com,8cf6c13f-912c-43da-b897-0401d085a04a,00000002-0000-0ff1-ce00-000000000000,Office 365 Exchange Online,<Removed>,,Browser,Mozilla/5.0 (Windows NT; Windows NT 10.0; en-US) WindowsPowerShell/5.1.19041.2364,323f24b1-7a46-4d82-bdc0-89462e5831d7,notApplied,,True,,AzureAD,none,85,none,none,none,none,,,b53bd30c-ef03-461c-b381-77f0ea0855ee,b53bd30c-ef03-461c-b381-77f0ea0855ee,,singleFactorAuthentication,mrobot@thesisazuread.onmicrosoft.com,,,interactiveUser,,,member,False,False,51088,none,,,bEWQ6Vz0YUmE6voApecEAQ,none,none,,,,50126,Error validating credentials due to invalid username or password.,The user didn't enter the right credentials. Â It's expected to see some number of these errors in your logs due to users making mistakes.,,,Windows 10,,False,False,,<Removed>,Noord-Holland,NL,,<Removed>,<Removed>,Root Key Type,Unknown,namedNetwork,Trusted location,2023-03-13T13:52:50Z,Password,Password in the cloud,False,Invalid username or password or Invalid on-premise username or password.,,,,,,,,,,,,,,,,,,,,,,,,,,,,,,,,,,,,,,,,,,,,,,,,,,,,,,,,,,,,,,
e990456c-f45c-4961-84ea-fa00efe40401,2023-03-13T13:52:37Z,John Smith,jsmith@thesisazuread.onmicrosoft.com,35cc84d3-db28-497b-8cca-451dc24db7ca,00000002-0000-0ff1-ce00-000000000000,Office 365 Exchange Online,<Removed>,,Browser,Mozilla/5.0 (Windows NT; Windows NT 10.0; en-US) WindowsPowerShell/5.1.19041.2364,91394323-f5cf-4d4f-a638-d1fe25ecf1ed,notApplied,,True,,AzureAD,none,81,none,none,none,none,,,b53bd30c-ef03-461c-b381-77f0ea0855ee,b53bd30c-ef03-461c-b381-77f0ea0855ee,,singleFactorAuthentication,jsmith@thesisazuread.onmicrosoft.com,,,interactiveUser,,,member,False,False,51088,none,,,bEWQ6Vz0YUmE6voA7-QEAQ,none,none,,,,50126,Error validating credentials due to invalid username or password.,The user didn't enter the right credentials. Â It's expected to see some number of these errors in your logs due to users making mistakes.,,,Windows 10,,False,False,,<Removed>,Noord-Holland,NL,,<Removed>,<Removed>,Root Key Type,Unknown,namedNetwork,Trusted location,2023-03-13T13:52:37Z,Password,Password in the cloud,False,Invalid username or password or Invalid on-premise username or password.,,,,,,,,,,,,,,,,,,,,,,,,,,,,,,,,,,,,,,,,,,,,,,,,,,,,,,,,,,,,,,
018cd536-d456-43db-8a2e-bce99945ce00,2023-03-13T13:52:26Z,Saul Goodman,sgoodman@thesisazuread.onmicrosoft.com,6d68bbbe-5860-4705-b817-e24b324c4ab5,00000002-0000-0ff1-ce00-000000000000,Office 365 Exchange Online,<Removed>,,Browser,Mozilla/5.0 (Windows NT; Windows NT 10.0; en-US) WindowsPowerShell/5.1.19041.2364,689f7258-8d69-4d69-b598-d16491916bcc,notApplied,,True,,AzureAD,none,66,none,none,none,none,,,b53bd30c-ef03-461c-b381-77f0ea0855ee,b53bd30c-ef03-461c-b381-77f0ea0855ee,,singleFactorAuthentication,sgoodman@thesisazuread.onmicrosoft.com,,,interactiveUser,,,member,False,False,51088,none,,,NtWMAVbU20OKLrzpmUXOAA,none,none,,,,50126,Error validating credentials due to invalid username or password.,The user didn't enter the right credentials. Â It's expected to see some number of these errors in your logs due to users making mistakes.,,,Windows 10,,False,False,,<Removed>,Noord-Holland,NL,,<Removed>,<Removed>,Root Key Type,Unknown,namedNetwork,Trusted location,2023-03-13T13:52:26Z,Password,Password in the cloud,False,Invalid username or password or Invalid on-premise username or password.,,,,,,,,,,,,,,,,,,,,,,,,,,,,,,,,,,,,,,,,,,,,,,,,,,,,,,,,,,,,,,
018cd536-d456-43db-8a2e-bce99943ce00,2023-03-13T13:52:18Z,Jon Jones,jonjones@thesisazuread.onmicrosoft.com,2d81e333-496b-4bae-8e99-a5b4a05a1a48,00000002-0000-0ff1-ce00-000000000000,Office 365 Exchange Online,<Removed>,,Browser,Mozilla/5.0 (Windows NT; Windows NT 10.0; en-US) WindowsPowerShell/5.1.19041.2364,304c0b29-c18c-4404-91cc-312e24b9205d,notApplied,,True,,AzureAD,none,57,none,none,none,none,,,b53bd30c-ef03-461c-b381-77f0ea0855ee,b53bd30c-ef03-461c-b381-77f0ea0855ee,,singleFactorAuthentication,jonjones@thesisazuread.onmicrosoft.com,,,interactiveUser,,,member,False,False,51088,none,,,NtWMAVbU20OKLrzpmUPOAA,none,none,,,,50126,Error validating credentials due to invalid username or password.,The user didn't enter the right credentials. Â It's expected to see some number of these errors in your logs due to users making mistakes.,,,Windows 10,,False,False,,<Removed>,Noord-Holland,NL,,<Removed>,<Removed>,Root Key Type,Unknown,namedNetwork,Trusted location,2023-03-13T13:52:18Z,Password,Password in the cloud,False,Invalid username or password or Invalid on-premise username or password.,,,,,,,,,,,,,,,,,,,,,,,,,,,,,,,,,,,,,,,,,,,,,,,,,,,,,,,,,,,,,,
018cd536-d456-43db-8a2e-bce99740ce00,2023-03-13T13:52:04Z,Dyson Philips,dphilips@thesisazuread.onmicrosoft.com,2ef6cbe4-484e-4b3e-aaea-9f8de711ef46,00000002-0000-0ff1-ce00-000000000000,Office 365 Exchange Online,<Removed>,,Browser,Mozilla/5.0 (Windows NT; Windows NT 10.0; en-US) WindowsPowerShell/5.1.19041.2364,5cd2f1a9-047d-4b83-8c5a-f6f8d16461f2,notApplied,,True,,AzureAD,none,67,none,none,none,none,,,b53bd30c-ef03-461c-b381-77f0ea0855ee,b53bd30c-ef03-461c-b381-77f0ea0855ee,,singleFactorAuthentication,dphilips@thesisazuread.onmicrosoft.com,,,interactiveUser,,,member,False,False,51088,none,,,NtWMAVbU20OKLrzpl0DOAA,none,none,,,,50053,"The account is locked, you've tried to sign in too many times with an incorrect user ID or password.","This error can be returned for two reasons - the sign in could have come from a malicious IP address, or the account was locked due to repeated sign-in attempts. Only one error code is used to prevent an attacker from distinguishing between the states. In your Azure AD tenant, you can distinguish between these states by looking at the specific sign-in log entry for this request. For accounts locked for too many attempts, see https://docs.microsoft.com/azure/active-directory/identity-protection/howto-unblock-user",,,Windows 10,,False,False,,<Removed>,Noord-Holland,NL,,<Removed>,<Removed>,Root Key Type,Unknown,namedNetwork,Trusted location,2023-03-13T13:52:04Z,Password,Password Hash Sync,False,Incorrect password,,,,,,,,,,,,,,,,,,,,,,,,,,,,,,,,,,,,,,,,,,,,,,,,,,,,,,,,,,,,,,
0a7c3c05-963c-4d01-b5f1-a2a86ab5b300,2023-03-13T13:51:51Z,Jon Jones,jonjones9809@thesisazuread.onmicrosoft.com,ff22d6b1-98c6-4e7f-868e-d32b6b7b6f0a,00000002-0000-0ff1-ce00-000000000000,Office 365 Exchange Online,<Removed>,,Browser,Mozilla/5.0 (Windows NT; Windows NT 10.0; en-US) WindowsPowerShell/5.1.19041.2364,a04fc2cb-d077-45c1-bd53-3f2f59dd9aa1,notApplied,,True,,AzureAD,none,61,none,none,none,none,,,b53bd30c-ef03-461c-b381-77f0ea0855ee,b53bd30c-ef03-461c-b381-77f0ea0855ee,,singleFactorAuthentication,jonjones9809@thesisazuread.onmicrosoft.com,,,interactiveUser,,,member,False,False,51088,none,,,BTx8CjyWAU218aKoarWzAA,none,none,,,,50053,"The account is locked, you've tried to sign in too many times with an incorrect user ID or password.","This error can be returned for two reasons - the sign in could have come from a malicious IP address, or the account was locked due to repeated sign-in attempts. Only one error code is used to prevent an attacker from distinguishing between the states. In your Azure AD tenant, you can distinguish between these states by looking at the specific sign-in log entry for this request. For accounts locked for too many attempts, see https://docs.microsoft.com/azure/active-directory/identity-protection/howto-unblock-user",,,Windows 10,,False,False,,<Removed>,Noord-Holland,NL,,<Removed>,<Removed>,Root Key Type,Unknown,namedNetwork,Trusted location,2023-03-13T13:51:51Z,Password,Password Hash Sync,False,Incorrect password,,,,,,,,,,,,,,,,,,,,,,,,,,,,,,,,,,,,,,,,,,,,,,,,,,,,,,,,,,,,,,
dd916a68-5f4e-48f2-bee3-9576a84ce400,2023-03-13T13:51:33Z,Mr Robot,mrobot@thesisazuread.onmicrosoft.com,8cf6c13f-912c-43da-b897-0401d085a04a,00000002-0000-0ff1-ce00-000000000000,Office 365 Exchange Online,<Removed>,,Browser,Mozilla/5.0 (Windows NT; Windows NT 10.0; en-US) WindowsPowerShell/5.1.19041.2364,04390e03-f604-4054-9466-933e08f48a3a,notApplied,,True,,AzureAD,none,60,none,none,none,none,,,b53bd30c-ef03-461c-b381-77f0ea0855ee,b53bd30c-ef03-461c-b381-77f0ea0855ee,,singleFactorAuthentication,mrobot@thesisazuread.onmicrosoft.com,,,interactiveUser,,,member,False,False,51088,none,,,aGqR3U5f8ki-45V2qEzkAA,none,none,,,,50126,Error validating credentials due to invalid username or password.,The user didn't enter the right credentials. Â It's expected to see some number of these errors in your logs due to users making mistakes.,,,Windows 10,,False,False,,<Removed>,Noord-Holland,NL,,<Removed>,<Removed>,Root Key Type,Unknown,namedNetwork,Trusted location,2023-03-13T13:51:33Z,Password,Password in the cloud,False,Invalid username or password or Invalid on-premise username or password.,,,,,,,,,,,,,,,,,,,,,,,,,,,,,,,,,,,,,,,,,,,,,,,,,,,,,,,,,,,,,,
e990456c-f45c-4961-84ea-fa0047d30401,2023-03-13T13:51:16Z,John Smith,jsmith@thesisazuread.onmicrosoft.com,35cc84d3-db28-497b-8cca-451dc24db7ca,00000002-0000-0ff1-ce00-000000000000,Office 365 Exchange Online,<Removed>,,Browser,Mozilla/5.0 (Windows NT; Windows NT 10.0; en-US) WindowsPowerShell/5.1.19041.2364,c6549e88-73b0-4051-8404-1c926ac11531,notApplied,,True,,AzureAD,none,80,none,none,none,none,,,b53bd30c-ef03-461c-b381-77f0ea0855ee,b53bd30c-ef03-461c-b381-77f0ea0855ee,,singleFactorAuthentication,jsmith@thesisazuread.onmicrosoft.com,,,interactiveUser,,,member,False,False,51088,none,,,bEWQ6Vz0YUmE6voAR9MEAQ,none,none,,,,50126,Error validating credentials due to invalid username or password.,The user didn't enter the right credentials. Â It's expected to see some number of these errors in your logs due to users making mistakes.,,,Windows 10,,False,False,,<Removed>,Noord-Holland,NL,,<Removed>,<Removed>,Root Key Type,Unknown,namedNetwork,Trusted location,2023-03-13T13:51:16Z,Password,Password in the cloud,False,Invalid username or password or Invalid on-premise username or password.,,,,,,,,,,,,,,,,,,,,,,,,,,,,,,,,,,,,,,,,,,,,,,,,,,,,,,,,,,,,,,
c6cc64f8-e142-4abb-90d9-3b620ee1d800,2023-03-13T13:51:09Z,Saul Goodman,sgoodman@thesisazuread.onmicrosoft.com,6d68bbbe-5860-4705-b817-e24b324c4ab5,00000002-0000-0ff1-ce00-000000000000,Office 365 Exchange Online,<Removed>,,Browser,Mozilla/5.0 (Windows NT; Windows NT 10.0; en-US) WindowsPowerShell/5.1.19041.2364,e9944105-1672-40e4-b507-5a40b713ce4e,notApplied,,True,,AzureAD,none,63,none,none,none,none,,,b53bd30c-ef03-461c-b381-77f0ea0855ee,b53bd30c-ef03-461c-b381-77f0ea0855ee,,singleFactorAuthentication,sgoodman@thesisazuread.onmicrosoft.com,,,interactiveUser,,,member,False,False,51088,none,,,-GTMxkLhu0qQ2TtiDuHYAA,none,none,,,,50126,Error validating credentials due to invalid username or password.,The user didn't enter the right credentials. Â It's expected to see some number of these errors in your logs due to users making mistakes.,,,Windows 10,,False,False,,<Removed>,Noord-Holland,NL,,<Removed>,<Removed>,Root Key Type,Unknown,namedNetwork,Trusted location,2023-03-13T13:51:09Z,Password,Password in the cloud,False,Invalid username or password or Invalid on-premise username or password.,,,,,,,,,,,,,,,,,,,,,,,,,,,,,,,,,,,,,,,,,,,,,,,,,,,,,,,,,,,,,,
7663d83a-46bc-4624-8804-ba17349ded00,2023-03-13T13:50:55Z,Jon Jones,jonjones@thesisazuread.onmicrosoft.com,2d81e333-496b-4bae-8e99-a5b4a05a1a48,00000002-0000-0ff1-ce00-000000000000,Office 365 Exchange Online,<Removed>,,Browser,Mozilla/5.0 (Windows NT; Windows NT 10.0; en-US) WindowsPowerShell/5.1.19041.2364,8bc3ee15-6801-4a02-9537-e64cd0fc0eac,notApplied,,True,,AzureAD,none,77,none,none,none,none,,,b53bd30c-ef03-461c-b381-77f0ea0855ee,b53bd30c-ef03-461c-b381-77f0ea0855ee,,singleFactorAuthentication,jonjones@thesisazuread.onmicrosoft.com,,,interactiveUser,,,member,False,False,51088,none,,,OthjdrxGJEaIBLoXNJ3tAA,none,none,,,,50126,Error validating credentials due to invalid username or password.,The user didn't enter the right credentials. Â It's expected to see some number of these errors in your logs due to users making mistakes.,,,Windows 10,,False,False,,<Removed>,Noord-Holland,NL,,<Removed>,<Removed>,Root Key Type,Unknown,namedNetwork,Trusted location,2023-03-13T13:50:55Z,Password,Password in the cloud,False,Invalid username or password or Invalid on-premise username or password.,,,,,,,,,,,,,,,,,,,,,,,,,,,,,,,,,,,,,,,,,,,,,,,,,,,,,,,,,,,,,,
e990456c-f45c-4961-84ea-fa00caca0401,2023-03-13T13:50:39Z,Dyson Philips,dphilips@thesisazuread.onmicrosoft.com,2ef6cbe4-484e-4b3e-aaea-9f8de711ef46,00000002-0000-0ff1-ce00-000000000000,Office 365 Exchange Online,<Removed>,,Browser,Mozilla/5.0 (Windows NT; Windows NT 10.0; en-US) WindowsPowerShell/5.1.19041.2364,d711db0a-eaf4-4bdf-b6bf-2109354031e4,notApplied,,True,,AzureAD,none,91,none,none,none,none,,,b53bd30c-ef03-461c-b381-77f0ea0855ee,b53bd30c-ef03-461c-b381-77f0ea0855ee,,singleFactorAuthentication,dphilips@thesisazuread.onmicrosoft.com,,,interactiveUser,,,member,False,False,51088,none,,,bEWQ6Vz0YUmE6voAysoEAQ,none,none,,,,50053,"The account is locked, you've tried to sign in too many times with an incorrect user ID or password.","This error can be returned for two reasons - the sign in could have come from a malicious IP address, or the account was locked due to repeated sign-in attempts. Only one error code is used to prevent an attacker from distinguishing between the states. In your Azure AD tenant, you can distinguish between these states by looking at the specific sign-in log entry for this request. For accounts locked for too many attempts, see https://docs.microsoft.com/azure/active-directory/identity-protection/howto-unblock-user",,,Windows 10,,False,False,,<Removed>,Noord-Holland,NL,,<Removed>,<Removed>,Root Key Type,Unknown,namedNetwork,Trusted location,2023-03-13T13:50:39Z,Password,Password Hash Sync,False,Incorrect password,,,,,,,,,,,,,,,,,,,,,,,,,,,,,,,,,,,,,,,,,,,,,,,,,,,,,,,,,,,,,,
149b66ad-cc68-4234-a749-1ca056e4c900,2023-03-13T13:50:29Z,Jon Jones,jonjones9809@thesisazuread.onmicrosoft.com,ff22d6b1-98c6-4e7f-868e-d32b6b7b6f0a,00000002-0000-0ff1-ce00-000000000000,Office 365 Exchange Online,<Removed>,,Browser,Mozilla/5.0 (Windows NT; Windows NT 10.0; en-US) WindowsPowerShell/5.1.19041.2364,628b82b0-16f1-4ae5-9673-c549efcdffa9,notApplied,,True,,AzureAD,none,105,none,none,none,none,,,b53bd30c-ef03-461c-b381-77f0ea0855ee,b53bd30c-ef03-461c-b381-77f0ea0855ee,,singleFactorAuthentication,jonjones9809@thesisazuread.onmicrosoft.com,,,interactiveUser,,,member,False,False,51088,none,,,rWabFGjMNEKnSRygVuTJAA,none,none,,,,50053,"The account is locked, you've tried to sign in too many times with an incorrect user ID or password.","This error can be returned for two reasons - the sign in could have come from a malicious IP address, or the account was locked due to repeated sign-in attempts. Only one error code is used to prevent an attacker from distinguishing between the states. In your Azure AD tenant, you can distinguish between these states by looking at the specific sign-in log entry for this request. For accounts locked for too many attempts, see https://docs.microsoft.com/azure/active-directory/identity-protection/howto-unblock-user",,,Windows 10,,False,False,,<Removed>,Noord-Holland,NL,,<Removed>,<Removed>,Root Key Type,Unknown,namedNetwork,Trusted location,2023-03-13T13:50:29Z,Password,Password Hash Sync,False,Incorrect password,,,,,,,,,,,,,,,,,,,,,,,,,,,,,,,,,,,,,,,,,,,,,,,,,,,,,,,,,,,,,,
